day,day_name,interval,week_interval,time,calls,aht_sec,required_agents,min_presence_floor,binding_constraint,profile,scheduled_active,net_slack,demand_shortfall,floor_shortfall,meets_requirement,floor_breach
0,Mon,0,0,00:00,1.0,290.9,4,4,floor,24/7 standard intake,4,0,0,0,True,False
0,Mon,1,1,00:15,-0.0,298.1,4,4,floor,24/7 standard intake,5,1,0,0,True,False
0,Mon,2,2,00:30,2.0,328.8,4,4,floor,24/7 standard intake,4,0,0,0,True,False
0,Mon,3,3,00:45,2.0,300.1,4,4,floor,24/7 standard intake,5,1,0,0,True,False
0,Mon,4,4,01:00,0.0,311.7,4,4,floor,24/7 standard intake,6,2,0,0,True,False
0,Mon,5,5,01:15,-0.0,348.6,4,4,floor,24/7 standard intake,6,2,0,0,True,False
0,Mon,6,6,01:30,1.0,312.2,4,4,floor,24/7 standard intake,5,1,0,0,True,False
0,Mon,7,7,01:45,1.0,336.2,4,4,floor,24/7 standard intake,6,2,0,0,True,False
0,Mon,8,8,02:00,1.0,299.5,4,4,floor,24/7 standard intake,4,0,0,0,True,False
0,Mon,9,9,02:15,0.0,315.5,4,4,floor,24/7 standard intake,5,1,0,0,True,False
0,Mon,10,10,02:30,2.0,299.1,4,4,floor,24/7 standard intake,4,0,0,0,True,False
0,Mon,11,11,02:45,2.0,312.5,4,4,floor,24/7 standard intake,5,1,0,0,True,False
0,Mon,12,12,03:00,1.0,338.5,4,4,floor,24/7 standard intake,6,2,0,0,True,False
0,Mon,13,13,03:15,3.0,282.0,4,4,floor,24/7 standard intake,7,3,0,0,True,False
0,Mon,14,14,03:30,2.0,329.6,4,4,floor,24/7 standard intake,6,2,0,0,True,False
0,Mon,15,15,03:45,0.0,325.2,4,4,floor,24/7 standard intake,6,2,0,0,True,False
0,Mon,16,16,04:00,2.0,306.9,4,4,floor,24/7 standard intake,7,3,0,0,True,False
0,Mon,17,17,04:15,1.0,288.2,4,4,floor,24/7 standard intake,7,3,0,0,True,False
0,Mon,18,18,04:30,3.0,321.6,4,4,floor,24/7 standard intake,5,1,0,0,True,False
0,Mon,19,19,04:45,2.0,308.4,4,4,floor,24/7 standard intake,6,2,0,0,True,False
0,Mon,20,20,05:00,3.0,325.1,4,4,floor,24/7 standard intake,4,0,0,0,True,False
0,Mon,21,21,05:15,3.0,320.5,4,4,floor,24/7 standard intake,6,2,0,0,True,False
0,Mon,22,22,05:30,6.0,355.2,5,4,queueing,24/7 standard intake,7,2,0,0,True,False
0,Mon,23,23,05:45,6.0,314.7,5,4,queueing,24/7 standard intake,7,2,0,0,True,False
0,Mon,24,24,06:00,7.0,297.5,5,4,queueing,24/7 standard intake,6,1,0,0,True,False
0,Mon,25,25,06:15,8.0,323.9,6,4,queueing,24/7 standard intake,8,2,0,0,True,False
0,Mon,26,26,06:30,12.0,324.8,7,4,queueing,24/7 standard intake,7,0,0,0,True,False
0,Mon,27,27,06:45,14.0,349.9,9,4,queueing,24/7 standard intake,7,-2,2,0,False,False
0,Mon,28,28,07:00,17.0,338.4,10,4,queueing,24/7 standard intake,8,-2,2,0,False,False
0,Mon,29,29,07:15,20.0,327.9,11,4,queueing,24/7 standard intake,9,-2,2,0,False,False
0,Mon,30,30,07:30,26.0,352.2,14,4,queueing,24/7 standard intake,13,-1,1,0,False,False
0,Mon,31,31,07:45,26.0,293.8,12,4,queueing,24/7 standard intake,14,2,0,0,True,False
0,Mon,32,32,08:00,31.0,305.9,14,4,queueing,24/7 standard intake,14,0,0,0,True,False
0,Mon,33,33,08:15,35.0,299.6,15,4,queueing,24/7 standard intake,15,0,0,0,True,False
0,Mon,34,34,08:30,41.0,311.4,18,4,queueing,24/7 standard intake,19,1,0,0,True,False
0,Mon,35,35,08:45,46.0,289.7,18,4,queueing,24/7 standard intake,19,1,0,0,True,False
0,Mon,36,36,09:00,49.0,334.0,22,4,queueing,24/7 standard intake,19,-3,3,0,False,False
0,Mon,37,37,09:15,53.0,315.1,22,4,queueing,24/7 standard intake,23,1,0,0,True,False
0,Mon,38,38,09:30,57.0,287.6,22,4,queueing,24/7 standard intake,21,-1,1,0,False,False
0,Mon,39,39,09:45,62.0,297.7,24,4,queueing,24/7 standard intake,26,2,0,0,True,False
0,Mon,40,40,10:00,65.0,326.9,27,4,queueing,24/7 standard intake,26,-1,1,0,False,False
0,Mon,41,41,10:15,67.0,338.4,29,4,queueing,24/7 standard intake,29,0,0,0,True,False
0,Mon,42,42,10:30,68.0,363.9,31,4,queueing,24/7 standard intake,30,-1,1,0,False,False
0,Mon,43,43,10:45,70.0,384.1,34,4,queueing,24/7 standard intake,34,0,0,0,True,False
0,Mon,44,44,11:00,70.0,329.1,29,4,queueing,24/7 standard intake,27,-2,2,0,False,False
0,Mon,45,45,11:15,70.0,298.2,27,4,queueing,24/7 standard intake,32,5,0,0,True,False
0,Mon,46,46,11:30,70.0,273.1,25,4,queueing,24/7 standard intake,25,0,0,0,True,False
0,Mon,47,47,11:45,69.0,325.9,29,4,queueing,24/7 standard intake,29,0,0,0,True,False
0,Mon,48,48,12:00,68.0,302.1,26,4,queueing,24/7 standard intake,25,-1,1,0,False,False
0,Mon,49,49,12:15,66.0,310.9,26,4,queueing,24/7 standard intake,29,3,0,0,True,False
0,Mon,50,50,12:30,64.0,306.5,25,4,queueing,24/7 standard intake,23,-2,2,0,False,False
0,Mon,51,51,12:45,63.0,316.9,26,4,queueing,24/7 standard intake,28,2,0,0,True,False
0,Mon,52,52,13:00,60.0,343.5,27,4,queueing,24/7 standard intake,24,-3,3,0,False,False
0,Mon,53,53,13:15,60.0,323.5,25,4,queueing,24/7 standard intake,26,1,0,0,True,False
0,Mon,54,54,13:30,58.0,316.5,24,4,queueing,24/7 standard intake,24,0,0,0,True,False
0,Mon,55,55,13:45,57.0,297.2,22,4,queueing,24/7 standard intake,26,4,0,0,True,False
0,Mon,56,56,14:00,57.0,283.2,22,4,queueing,24/7 standard intake,22,0,0,0,True,False
0,Mon,57,57,14:15,59.0,309.3,24,4,queueing,24/7 standard intake,25,1,0,0,True,False
0,Mon,58,58,14:30,55.0,318.8,23,4,queueing,24/7 standard intake,21,-2,2,0,False,False
0,Mon,59,59,14:45,57.0,358.9,27,4,queueing,24/7 standard intake,24,-3,3,0,False,False
0,Mon,60,60,15:00,53.0,322.9,23,4,queueing,24/7 standard intake,21,-2,2,0,False,False
0,Mon,61,61,15:15,54.0,341.6,24,4,queueing,24/7 standard intake,24,0,0,0,True,False
0,Mon,62,62,15:30,54.0,309.0,22,4,queueing,24/7 standard intake,20,-2,2,0,False,False
0,Mon,63,63,15:45,54.0,293.9,21,4,queueing,24/7 standard intake,24,3,0,0,True,False
0,Mon,64,64,16:00,53.0,298.8,21,4,queueing,24/7 standard intake,20,-1,1,0,False,False
0,Mon,65,65,16:15,52.0,304.0,21,4,queueing,24/7 standard intake,23,2,0,0,True,False
0,Mon,66,66,16:30,49.0,366.8,24,4,queueing,24/7 standard intake,17,-7,7,0,False,False
0,Mon,67,67,16:45,47.0,301.9,19,4,queueing,24/7 standard intake,21,2,0,0,True,False
0,Mon,68,68,17:00,47.0,338.4,21,4,queueing,24/7 standard intake,18,-3,3,0,False,False
0,Mon,69,69,17:15,44.0,300.1,18,4,queueing,24/7 standard intake,20,2,0,0,True,False
0,Mon,70,70,17:30,41.0,340.5,19,4,queueing,24/7 standard intake,16,-3,3,0,False,False
0,Mon,71,71,17:45,39.0,328.5,18,4,queueing,24/7 standard intake,18,0,0,0,True,False
0,Mon,72,72,18:00,37.0,316.6,17,4,queueing,24/7 standard intake,15,-2,2,0,False,False
0,Mon,73,73,18:15,37.0,319.1,17,4,queueing,24/7 standard intake,17,0,0,0,True,False
0,Mon,74,74,18:30,35.0,305.6,15,4,queueing,24/7 standard intake,15,0,0,0,True,False
0,Mon,75,75,18:45,34.0,329.8,16,4,queueing,24/7 standard intake,16,0,0,0,True,False
0,Mon,76,76,19:00,31.0,310.0,14,4,queueing,24/7 standard intake,14,0,0,0,True,False
0,Mon,77,77,19:15,30.0,293.0,13,4,queueing,24/7 standard intake,16,3,0,0,True,False
0,Mon,78,78,19:30,28.0,291.9,13,4,queueing,24/7 standard intake,13,0,0,0,True,False
0,Mon,79,79,19:45,25.0,323.8,13,4,queueing,24/7 standard intake,15,2,0,0,True,False
0,Mon,80,80,20:00,24.0,354.7,13,4,queueing,24/7 standard intake,11,-2,2,0,False,False
0,Mon,81,81,20:15,21.0,323.5,11,4,queueing,24/7 standard intake,13,2,0,0,True,False
0,Mon,82,82,20:30,20.0,317.4,10,4,queueing,24/7 standard intake,9,-1,1,0,False,False
0,Mon,83,83,20:45,18.0,326.3,10,4,queueing,24/7 standard intake,12,2,0,0,True,False
0,Mon,84,84,21:00,15.0,348.7,9,4,queueing,24/7 standard intake,8,-1,1,0,False,False
0,Mon,85,85,21:15,15.0,324.8,9,4,queueing,24/7 standard intake,10,1,0,0,True,False
0,Mon,86,86,21:30,12.0,311.0,7,4,queueing,24/7 standard intake,7,0,0,0,True,False
0,Mon,87,87,21:45,11.0,344.3,7,4,queueing,24/7 standard intake,8,1,0,0,True,False
0,Mon,88,88,22:00,10.0,329.4,7,4,queueing,24/7 standard intake,7,0,0,0,True,False
0,Mon,89,89,22:15,9.0,353.8,7,4,queueing,24/7 standard intake,7,0,0,0,True,False
0,Mon,90,90,22:30,8.0,324.0,6,4,queueing,24/7 standard intake,5,-1,1,0,False,False
0,Mon,91,91,22:45,6.0,293.1,5,4,queueing,24/7 standard intake,5,0,0,0,True,False
0,Mon,92,92,23:00,4.0,289.9,4,4,queueing,24/7 standard intake,4,0,0,0,True,False
0,Mon,93,93,23:15,4.0,356.3,4,4,queueing,24/7 standard intake,4,0,0,0,True,False
0,Mon,94,94,23:30,1.0,357.9,4,4,floor,24/7 standard intake,5,1,0,0,True,False
0,Mon,95,95,23:45,1.0,316.1,4,4,floor,24/7 standard intake,5,1,0,0,True,False
1,Tue,0,96,00:00,1.0,313.6,4,4,floor,24/7 standard intake,4,0,0,0,True,False
1,Tue,1,97,00:15,3.0,317.7,4,4,floor,24/7 standard intake,5,1,0,0,True,False
1,Tue,2,98,00:30,-0.0,314.5,4,4,floor,24/7 standard intake,4,0,0,0,True,False
1,Tue,3,99,00:45,-0.0,323.4,4,4,floor,24/7 standard intake,5,1,0,0,True,False
1,Tue,4,100,01:00,2.0,352.4,4,4,floor,24/7 standard intake,5,1,0,0,True,False
1,Tue,5,101,01:15,1.0,263.5,4,4,floor,24/7 standard intake,6,2,0,0,True,False
1,Tue,6,102,01:30,1.0,314.8,4,4,floor,24/7 standard intake,4,0,0,0,True,False
1,Tue,7,103,01:45,1.0,323.9,4,4,floor,24/7 standard intake,6,2,0,0,True,False
1,Tue,8,104,02:00,1.0,326.5,4,4,floor,24/7 standard intake,5,1,0,0,True,False
1,Tue,9,105,02:15,3.0,311.8,4,4,floor,24/7 standard intake,5,1,0,0,True,False
1,Tue,10,106,02:30,1.0,281.4,4,4,floor,24/7 standard intake,5,1,0,0,True,False
1,Tue,11,107,02:45,2.0,327.2,4,4,floor,24/7 standard intake,5,1,0,0,True,False
1,Tue,12,108,03:00,0.0,358.0,4,4,floor,24/7 standard intake,4,0,0,0,True,False
1,Tue,13,109,03:15,1.0,286.3,4,4,floor,24/7 standard intake,5,1,0,0,True,False
1,Tue,14,110,03:30,0.0,339.0,4,4,floor,24/7 standard intake,4,0,0,0,True,False
1,Tue,15,111,03:45,-0.0,312.8,4,4,floor,24/7 standard intake,4,0,0,0,True,False
1,Tue,16,112,04:00,0.0,318.7,4,4,floor,24/7 standard intake,5,1,0,0,True,False
1,Tue,17,113,04:15,1.0,296.8,4,4,floor,24/7 standard intake,5,1,0,0,True,False
1,Tue,18,114,04:30,3.0,312.6,4,4,floor,24/7 standard intake,4,0,0,0,True,False
1,Tue,19,115,04:45,1.0,348.6,4,4,floor,24/7 standard intake,5,1,0,0,True,False
1,Tue,20,116,05:00,3.0,332.8,4,4,queueing,24/7 standard intake,4,0,0,0,True,False
1,Tue,21,117,05:15,3.0,358.1,4,4,queueing,24/7 standard intake,5,1,0,0,True,False
1,Tue,22,118,05:30,4.0,345.9,4,4,queueing,24/7 standard intake,5,1,0,0,True,False
1,Tue,23,119,05:45,7.0,329.7,5,4,queueing,24/7 standard intake,6,1,0,0,True,False
1,Tue,24,120,06:00,8.0,358.4,6,4,queueing,24/7 standard intake,7,1,0,0,True,False
1,Tue,25,121,06:15,10.0,329.7,7,4,queueing,24/7 standard intake,8,1,0,0,True,False
1,Tue,26,122,06:30,10.0,338.2,7,4,queueing,24/7 standard intake,7,0,0,0,True,False
1,Tue,27,123,06:45,12.0,313.5,7,4,queueing,24/7 standard intake,7,0,0,0,True,False
1,Tue,28,124,07:00,15.0,321.5,9,4,queueing,24/7 standard intake,8,-1,1,0,False,False
1,Tue,29,125,07:15,19.0,304.7,10,4,queueing,24/7 standard intake,9,-1,1,0,False,False
1,Tue,30,126,07:30,22.0,341.8,12,4,queueing,24/7 standard intake,12,0,0,0,True,False
1,Tue,31,127,07:45,25.0,294.1,12,4,queueing,24/7 standard intake,13,1,0,0,True,False
1,Tue,32,128,08:00,30.0,337.2,15,4,queueing,24/7 standard intake,15,0,0,0,True,False
1,Tue,33,129,08:15,35.0,315.8,16,4,queueing,24/7 standard intake,17,1,0,0,True,False
1,Tue,34,130,08:30,42.0,345.8,20,4,queueing,24/7 standard intake,21,1,0,0,True,False
1,Tue,35,131,08:45,45.0,336.5,21,4,queueing,24/7 standard intake,21,0,0,0,True,False
1,Tue,36,132,09:00,46.0,360.1,22,4,queueing,24/7 standard intake,21,-1,1,0,False,False
1,Tue,37,133,09:15,51.0,336.1,23,4,queueing,24/7 standard intake,24,1,0,0,True,False
1,Tue,38,134,09:30,54.0,285.4,21,4,queueing,24/7 standard intake,20,-1,1,0,False,False
1,Tue,39,135,09:45,58.0,318.5,24,4,queueing,24/7 standard intake,25,1,0,0,True,False
1,Tue,40,136,10:00,62.0,294.2,24,4,queueing,24/7 standard intake,21,-3,3,0,False,False
1,Tue,41,137,10:15,65.0,308.6,26,4,queueing,24/7 standard intake,26,0,0,0,True,False
1,Tue,42,138,10:30,65.0,353.2,29,4,queueing,24/7 standard intake,25,-4,4,0,False,False
1,Tue,43,139,10:45,66.0,334.0,28,4,queueing,24/7 standard intake,29,1,0,0,True,False
1,Tue,44,140,11:00,65.0,304.6,26,4,queueing,24/7 standard intake,25,-1,1,0,False,False
1,Tue,45,141,11:15,67.0,297.7,26,4,queueing,24/7 standard intake,29,3,0,0,True,False
1,Tue,46,142,11:30,65.0,320.7,27,4,queueing,24/7 standard intake,25,-2,2,0,False,False
1,Tue,47,143,11:45,65.0,293.2,25,4,queueing,24/7 standard intake,27,2,0,0,True,False
1,Tue,48,144,12:00,63.0,305.2,25,4,queueing,24/7 standard intake,24,-1,1,0,False,False
1,Tue,49,145,12:15,63.0,326.9,27,4,queueing,24/7 standard intake,27,0,0,0,True,False
1,Tue,50,146,12:30,59.0,345.4,26,4,queueing,24/7 standard intake,24,-2,2,0,False,False
1,Tue,51,147,12:45,58.0,333.4,25,4,queueing,24/7 standard intake,27,2,0,0,True,False
1,Tue,52,148,13:00,61.0,269.6,22,4,queueing,24/7 standard intake,22,0,0,0,True,False
1,Tue,53,149,13:15,56.0,326.7,24,4,queueing,24/7 standard intake,25,1,0,0,True,False
1,Tue,54,150,13:30,55.0,321.6,23,4,queueing,24/7 standard intake,23,0,0,0,True,False
1,Tue,55,151,13:45,58.0,329.1,25,4,queueing,24/7 standard intake,26,1,0,0,True,False
1,Tue,56,152,14:00,59.0,355.6,27,4,queueing,24/7 standard intake,20,-7,7,0,False,False
1,Tue,57,153,14:15,53.0,274.6,20,4,queueing,24/7 standard intake,25,5,0,0,True,False
1,Tue,58,154,14:30,54.0,307.0,22,4,queueing,24/7 standard intake,21,-1,1,0,False,False
1,Tue,59,155,14:45,54.0,333.0,24,4,queueing,24/7 standard intake,25,1,0,0,True,False
1,Tue,60,156,15:00,55.0,285.2,21,4,queueing,24/7 standard intake,21,0,0,0,True,False
1,Tue,61,157,15:15,51.0,352.5,24,4,queueing,24/7 standard intake,23,-1,1,0,False,False
1,Tue,62,158,15:30,52.0,328.1,23,4,queueing,24/7 standard intake,22,-1,1,0,False,False
1,Tue,63,159,15:45,52.0,338.6,23,4,queueing,24/7 standard intake,25,2,0,0,True,False
1,Tue,64,160,16:00,50.0,307.4,21,4,queueing,24/7 standard intake,19,-2,2,0,False,False
1,Tue,65,161,16:15,48.0,337.9,22,4,queueing,24/7 standard intake,21,-1,1,0,False,False
1,Tue,66,162,16:30,47.0,343.5,22,4,queueing,24/7 standard intake,16,-6,6,0,False,False
1,Tue,67,163,16:45,44.0,325.1,20,4,queueing,24/7 standard intake,19,-1,1,0,False,False
1,Tue,68,164,17:00,44.0,325.2,20,4,queueing,24/7 standard intake,20,0,0,0,True,False
1,Tue,69,165,17:15,42.0,325.9,19,4,queueing,24/7 standard intake,21,2,0,0,True,False
1,Tue,70,166,17:30,41.0,301.0,17,4,queueing,24/7 standard intake,14,-3,3,0,False,False
1,Tue,71,167,17:45,38.0,316.8,17,4,queueing,24/7 standard intake,19,2,0,0,True,False
1,Tue,72,168,18:00,37.0,316.6,17,4,queueing,24/7 standard intake,17,0,0,0,True,False
1,Tue,73,169,18:15,36.0,328.4,17,4,queueing,24/7 standard intake,18,1,0,0,True,False
1,Tue,74,170,18:30,33.0,342.0,16,4,queueing,24/7 standard intake,14,-2,2,0,False,False
1,Tue,75,171,18:45,32.0,296.7,14,4,queueing,24/7 standard intake,16,2,0,0,True,False
1,Tue,76,172,19:00,30.0,317.2,14,4,queueing,24/7 standard intake,13,-1,1,0,False,False
1,Tue,77,173,19:15,28.0,352.6,15,4,queueing,24/7 standard intake,17,2,0,0,True,False
1,Tue,78,174,19:30,26.0,303.6,12,4,queueing,24/7 standard intake,11,-1,1,0,False,False
1,Tue,79,175,19:45,25.0,301.9,12,4,queueing,24/7 standard intake,12,0,0,0,True,False
1,Tue,80,176,20:00,23.0,324.5,12,4,queueing,24/7 standard intake,12,0,0,0,True,False
1,Tue,81,177,20:15,24.0,338.6,13,4,queueing,24/7 standard intake,13,0,0,0,True,False
1,Tue,82,178,20:30,21.0,320.3,11,4,queueing,24/7 standard intake,11,0,0,0,True,False
1,Tue,83,179,20:45,18.0,349.2,10,4,queueing,24/7 standard intake,12,2,0,0,True,False
1,Tue,84,180,21:00,15.0,338.8,9,4,queueing,24/7 standard intake,6,-3,3,0,False,False
1,Tue,85,181,21:15,13.0,338.5,8,4,queueing,24/7 standard intake,8,0,0,0,True,False
1,Tue,86,182,21:30,14.0,332.2,8,4,queueing,24/7 standard intake,8,0,0,0,True,False
1,Tue,87,183,21:45,11.0,371.2,8,4,queueing,24/7 standard intake,8,0,0,0,True,False
1,Tue,88,184,22:00,10.0,315.5,7,4,queueing,24/7 standard intake,5,-2,2,0,False,False
1,Tue,89,185,22:15,6.0,275.9,4,4,queueing,24/7 standard intake,7,3,0,0,True,False
1,Tue,90,186,22:30,8.0,355.3,6,4,queueing,24/7 standard intake,5,-1,1,0,False,False
1,Tue,91,187,22:45,6.0,309.9,5,4,queueing,24/7 standard intake,6,1,0,0,True,False
1,Tue,92,188,23:00,3.0,322.4,4,4,floor,24/7 standard intake,4,0,0,0,True,False
1,Tue,93,189,23:15,3.0,348.8,4,4,queueing,24/7 standard intake,4,0,0,0,True,False
1,Tue,94,190,23:30,3.0,284.8,4,4,floor,24/7 standard intake,4,0,0,0,True,False
1,Tue,95,191,23:45,3.0,292.5,4,4,floor,24/7 standard intake,5,1,0,0,True,False
2,Wed,0,192,00:00,0.0,324.9,4,4,floor,24/7 standard intake,4,0,0,0,True,False
2,Wed,1,193,00:15,0.0,351.5,4,4,floor,24/7 standard intake,4,0,0,0,True,False
2,Wed,2,194,00:30,2.0,322.0,4,4,floor,24/7 standard intake,5,1,0,0,True,False
2,Wed,3,195,00:45,2.0,332.8,4,4,floor,24/7 standard intake,5,1,0,0,True,False
2,Wed,4,196,01:00,1.0,318.8,4,4,floor,24/7 standard intake,6,2,0,0,True,False
2,Wed,5,197,01:15,0.0,316.3,4,4,floor,24/7 standard intake,6,2,0,0,True,False
2,Wed,6,198,01:30,0.0,302.9,4,4,floor,24/7 standard intake,4,0,0,0,True,False
2,Wed,7,199,01:45,1.0,329.5,4,4,floor,24/7 standard intake,5,1,0,0,True,False
2,Wed,8,200,02:00,0.0,301.3,4,4,floor,24/7 standard intake,5,1,0,0,True,False
2,Wed,9,201,02:15,2.0,334.6,4,4,floor,24/7 standard intake,6,2,0,0,True,False
2,Wed,10,202,02:30,2.0,343.9,4,4,floor,24/7 standard intake,4,0,0,0,True,False
2,Wed,11,203,02:45,1.0,328.1,4,4,floor,24/7 standard intake,6,2,0,0,True,False
2,Wed,12,204,03:00,2.0,313.7,4,4,floor,24/7 standard intake,5,1,0,0,True,False
2,Wed,13,205,03:15,1.0,330.0,4,4,floor,24/7 standard intake,6,2,0,0,True,False
2,Wed,14,206,03:30,2.0,313.2,4,4,floor,24/7 standard intake,5,1,0,0,True,False
2,Wed,15,207,03:45,0.0,340.6,4,4,floor,24/7 standard intake,5,1,0,0,True,False
2,Wed,16,208,04:00,1.0,279.7,4,4,floor,24/7 standard intake,4,0,0,0,True,False
2,Wed,17,209,04:15,2.0,312.6,4,4,floor,24/7 standard intake,5,1,0,0,True,False
2,Wed,18,210,04:30,3.0,276.2,4,4,floor,24/7 standard intake,4,0,0,0,True,False
2,Wed,19,211,04:45,2.0,287.1,4,4,floor,24/7 standard intake,4,0,0,0,True,False
2,Wed,20,212,05:00,3.0,350.0,4,4,queueing,24/7 standard intake,5,1,0,0,True,False
2,Wed,21,213,05:15,3.0,339.7,4,4,queueing,24/7 standard intake,5,1,0,0,True,False
2,Wed,22,214,05:30,4.0,304.2,4,4,queueing,24/7 standard intake,6,2,0,0,True,False
2,Wed,23,215,05:45,6.0,286.9,5,4,queueing,24/7 standard intake,6,1,0,0,True,False
2,Wed,24,216,06:00,4.0,254.8,4,4,floor,24/7 standard intake,4,0,0,0,True,False
2,Wed,25,217,06:15,7.0,308.0,5,4,queueing,24/7 standard intake,5,0,0,0,True,False
2,Wed,26,218,06:30,8.0,373.2,6,4,queueing,24/7 standard intake,6,0,0,0,True,False
2,Wed,27,219,06:45,10.0,329.6,7,4,queueing,24/7 standard intake,7,0,0,0,True,False
2,Wed,28,220,07:00,14.0,307.7,8,4,queueing,24/7 standard intake,8,0,0,0,True,False
2,Wed,29,221,07:15,19.0,330.2,10,4,queueing,24/7 standard intake,10,0,0,0,True,False
2,Wed,30,222,07:30,21.0,285.7,10,4,queueing,24/7 standard intake,11,1,0,0,True,False
2,Wed,31,223,07:45,26.0,313.5,13,4,queueing,24/7 standard intake,12,-1,1,0,False,False
2,Wed,32,224,08:00,31.0,322.2,15,4,queueing,24/7 standard intake,16,1,0,0,True,False
2,Wed,33,225,08:15,35.0,318.1,16,4,queueing,24/7 standard intake,16,0,0,0,True,False
2,Wed,34,226,08:30,38.0,337.4,18,4,queueing,24/7 standard intake,18,0,0,0,True,False
2,Wed,35,227,08:45,44.0,327.6,20,4,queueing,24/7 standard intake,20,0,0,0,True,False
2,Wed,36,228,09:00,47.0,334.7,21,4,queueing,24/7 standard intake,20,-1,1,0,False,False
2,Wed,37,229,09:15,50.0,304.9,21,4,queueing,24/7 standard intake,23,2,0,0,True,False
2,Wed,38,230,09:30,54.0,339.8,24,4,queueing,24/7 standard intake,24,0,0,0,True,False
2,Wed,39,231,09:45,56.0,355.8,26,4,queueing,24/7 standard intake,26,0,0,0,True,False
2,Wed,40,232,10:00,59.0,298.7,23,4,queueing,24/7 standard intake,24,1,0,0,True,False
2,Wed,41,233,10:15,62.0,300.5,24,4,queueing,24/7 standard intake,29,5,0,0,True,False
2,Wed,42,234,10:30,65.0,349.4,29,4,queueing,24/7 standard intake,26,-3,3,0,False,False
2,Wed,43,235,10:45,67.0,315.8,27,4,queueing,24/7 standard intake,31,4,0,0,True,False
2,Wed,44,236,11:00,64.0,350.9,29,4,queueing,24/7 standard intake,26,-3,3,0,False,False
2,Wed,45,237,11:15,66.0,310.3,26,4,queueing,24/7 standard intake,31,5,0,0,True,False
2,Wed,46,238,11:30,64.0,352.0,29,4,queueing,24/7 standard intake,28,-1,1,0,False,False
2,Wed,47,239,11:45,65.0,322.9,27,4,queueing,24/7 standard intake,32,5,0,0,True,False
2,Wed,48,240,12:00,63.0,325.7,26,4,queueing,24/7 standard intake,26,0,0,0,True,False
2,Wed,49,241,12:15,59.0,354.4,27,4,queueing,24/7 standard intake,29,2,0,0,True,False
2,Wed,50,242,12:30,61.0,312.0,25,4,queueing,24/7 standard intake,24,-1,1,0,False,False
2,Wed,51,243,12:45,58.0,299.3,23,4,queueing,24/7 standard intake,28,5,0,0,True,False
2,Wed,52,244,13:00,57.0,310.1,23,4,queueing,24/7 standard intake,23,0,0,0,True,False
2,Wed,53,245,13:15,55.0,330.0,24,4,queueing,24/7 standard intake,26,2,0,0,True,False
2,Wed,54,246,13:30,55.0,285.6,21,4,queueing,24/7 standard intake,22,1,0,0,True,False
2,Wed,55,247,13:45,55.0,334.0,24,4,queueing,24/7 standard intake,25,1,0,0,True,False
2,Wed,56,248,14:00,54.0,308.1,22,4,queueing,24/7 standard intake,22,0,0,0,True,False
2,Wed,57,249,14:15,54.0,345.3,24,4,queueing,24/7 standard intake,24,0,0,0,True,False
2,Wed,58,250,14:30,53.0,267.3,19,4,queueing,24/7 standard intake,18,-1,1,0,False,False
2,Wed,59,251,14:45,54.0,302.7,22,4,queueing,24/7 standard intake,22,0,0,0,True,False
2,Wed,60,252,15:00,52.0,282.9,20,4,queueing,24/7 standard intake,20,0,0,0,True,False
2,Wed,61,253,15:15,50.0,301.8,20,4,queueing,24/7 standard intake,23,3,0,0,True,False
2,Wed,62,254,15:30,52.0,325.4,23,4,queueing,24/7 standard intake,19,-4,4,0,False,False
2,Wed,63,255,15:45,50.0,316.1,21,4,queueing,24/7 standard intake,22,1,0,0,True,False
2,Wed,64,256,16:00,50.0,314.4,21,4,queueing,24/7 standard intake,20,-1,1,0,False,False
2,Wed,65,257,16:15,48.0,316.5,21,4,queueing,24/7 standard intake,22,1,0,0,True,False
2,Wed,66,258,16:30,46.0,324.5,20,4,queueing,24/7 standard intake,18,-2,2,0,False,False
2,Wed,67,259,16:45,45.0,297.8,19,4,queueing,24/7 standard intake,20,1,0,0,True,False
2,Wed,68,260,17:00,46.0,335.6,21,4,queueing,24/7 standard intake,15,-6,6,0,False,False
2,Wed,69,261,17:15,44.0,334.6,20,4,queueing,24/7 standard intake,19,-1,1,0,False,False
2,Wed,70,262,17:30,40.0,328.5,18,4,queueing,24/7 standard intake,16,-2,2,0,False,False
2,Wed,71,263,17:45,38.0,332.2,18,4,queueing,24/7 standard intake,18,0,0,0,True,False
2,Wed,72,264,18:00,37.0,326.5,17,4,queueing,24/7 standard intake,16,-1,1,0,False,False
2,Wed,73,265,18:15,33.0,364.8,17,4,queueing,24/7 standard intake,18,1,0,0,True,False
2,Wed,74,266,18:30,33.0,318.1,15,4,queueing,24/7 standard intake,15,0,0,0,True,False
2,Wed,75,267,18:45,31.0,313.2,14,4,queueing,24/7 standard intake,17,3,0,0,True,False
2,Wed,76,268,19:00,30.0,303.4,14,4,queueing,24/7 standard intake,11,-3,3,0,False,False
2,Wed,77,269,19:15,27.0,297.3,12,4,queueing,24/7 standard intake,13,1,0,0,True,False
2,Wed,78,270,19:30,24.0,292.6,11,4,queueing,24/7 standard intake,10,-1,1,0,False,False
2,Wed,79,271,19:45,22.0,300.4,11,4,queueing,24/7 standard intake,12,1,0,0,True,False
2,Wed,80,272,20:00,21.0,318.4,11,4,queueing,24/7 standard intake,9,-2,2,0,False,False
2,Wed,81,273,20:15,20.0,327.4,11,4,queueing,24/7 standard intake,11,0,0,0,True,False
2,Wed,82,274,20:30,19.0,321.1,10,4,queueing,24/7 standard intake,9,-1,1,0,False,False
2,Wed,83,275,20:45,20.0,303.2,10,4,queueing,24/7 standard intake,10,0,0,0,True,False
2,Wed,84,276,21:00,17.0,339.8,10,4,queueing,24/7 standard intake,10,0,0,0,True,False
2,Wed,85,277,21:15,13.0,336.3,8,4,queueing,24/7 standard intake,10,2,0,0,True,False
2,Wed,86,278,21:30,13.0,316.5,8,4,queueing,24/7 standard intake,8,0,0,0,True,False
2,Wed,87,279,21:45,10.0,305.6,6,4,queueing,24/7 standard intake,9,3,0,0,True,False
2,Wed,88,280,22:00,9.0,332.1,6,4,queueing,24/7 standard intake,6,0,0,0,True,False
2,Wed,89,281,22:15,8.0,324.1,6,4,queueing,24/7 standard intake,7,1,0,0,True,False
2,Wed,90,282,22:30,7.0,288.1,5,4,queueing,24/7 standard intake,5,0,0,0,True,False
2,Wed,91,283,22:45,5.0,318.5,4,4,queueing,24/7 standard intake,6,2,0,0,True,False
2,Wed,92,284,23:00,6.0,325.8,5,4,queueing,24/7 standard intake,4,-1,1,0,False,False
2,Wed,93,285,23:15,2.0,300.2,4,4,floor,24/7 standard intake,6,2,0,0,True,False
2,Wed,94,286,23:30,3.0,324.2,4,4,floor,24/7 standard intake,4,0,0,0,True,False
2,Wed,95,287,23:45,6.0,288.0,5,4,queueing,24/7 standard intake,5,0,0,0,True,False
3,Thu,0,288,00:00,3.0,304.3,4,4,floor,24/7 standard intake,4,0,0,0,True,False
3,Thu,1,289,00:15,2.0,291.0,4,4,floor,24/7 standard intake,4,0,0,0,True,False
3,Thu,2,290,00:30,1.0,338.4,4,4,floor,24/7 standard intake,4,0,0,0,True,False
3,Thu,3,291,00:45,1.0,327.7,4,4,floor,24/7 standard intake,4,0,0,0,True,False
3,Thu,4,292,01:00,0.0,372.4,4,4,floor,24/7 standard intake,4,0,0,0,True,False
3,Thu,5,293,01:15,-0.0,329.2,4,4,floor,24/7 standard intake,4,0,0,0,True,False
3,Thu,6,294,01:30,1.0,328.5,4,4,floor,24/7 standard intake,5,1,0,0,True,False
3,Thu,7,295,01:45,-0.0,316.3,4,4,floor,24/7 standard intake,5,1,0,0,True,False
3,Thu,8,296,02:00,2.0,338.0,4,4,floor,24/7 standard intake,6,2,0,0,True,False
3,Thu,9,297,02:15,3.0,333.8,4,4,queueing,24/7 standard intake,6,2,0,0,True,False
3,Thu,10,298,02:30,-0.0,347.5,4,4,floor,24/7 standard intake,5,1,0,0,True,False
3,Thu,11,299,02:45,0.0,308.5,4,4,floor,24/7 standard intake,6,2,0,0,True,False
3,Thu,12,300,03:00,1.0,310.4,4,4,floor,24/7 standard intake,4,0,0,0,True,False
3,Thu,13,301,03:15,3.0,309.5,4,4,floor,24/7 standard intake,6,2,0,0,True,False
3,Thu,14,302,03:30,-0.0,337.4,4,4,floor,24/7 standard intake,4,0,0,0,True,False
3,Thu,15,303,03:45,2.0,353.0,4,4,floor,24/7 standard intake,6,2,0,0,True,False
3,Thu,16,304,04:00,4.0,309.9,4,4,queueing,24/7 standard intake,5,1,0,0,True,False
3,Thu,17,305,04:15,-0.0,310.7,4,4,floor,24/7 standard intake,6,2,0,0,True,False
3,Thu,18,306,04:30,0.0,326.9,4,4,floor,24/7 standard intake,5,1,0,0,True,False
3,Thu,19,307,04:45,2.0,314.6,4,4,floor,24/7 standard intake,5,1,0,0,True,False
3,Thu,20,308,05:00,2.0,340.9,4,4,floor,24/7 standard intake,4,0,0,0,True,False
3,Thu,21,309,05:15,4.0,270.5,4,4,queueing,24/7 standard intake,4,0,0,0,True,False
3,Thu,22,310,05:30,5.0,301.8,4,4,queueing,24/7 standard intake,4,0,0,0,True,False
3,Thu,23,311,05:45,3.0,302.8,4,4,floor,24/7 standard intake,4,0,0,0,True,False
3,Thu,24,312,06:00,7.0,269.0,5,4,queueing,24/7 standard intake,4,-1,1,0,False,False
3,Thu,25,313,06:15,7.0,298.8,5,4,queueing,24/7 standard intake,4,-1,1,0,False,False
3,Thu,26,314,06:30,12.0,299.9,7,4,queueing,24/7 standard intake,7,0,0,0,True,False
3,Thu,27,315,06:45,12.0,315.6,7,4,queueing,24/7 standard intake,7,0,0,0,True,False
3,Thu,28,316,07:00,14.0,344.5,9,4,queueing,24/7 standard intake,9,0,0,0,True,False
3,Thu,29,317,07:15,19.0,314.6,10,4,queueing,24/7 standard intake,10,0,0,0,True,False
3,Thu,30,318,07:30,22.0,297.3,11,4,queueing,24/7 standard intake,9,-2,2,0,False,False
3,Thu,31,319,07:45,25.0,318.7,12,4,queueing,24/7 standard intake,11,-1,1,0,False,False
3,Thu,32,320,08:00,27.0,343.1,14,4,queueing,24/7 standard intake,14,0,0,0,True,False
3,Thu,33,321,08:15,33.0,298.5,15,4,queueing,24/7 standard intake,15,0,0,0,True,False
3,Thu,34,322,08:30,36.0,300.0,16,4,queueing,24/7 standard intake,17,1,0,0,True,False
3,Thu,35,323,08:45,42.0,332.3,19,4,queueing,24/7 standard intake,20,1,0,0,True,False
3,Thu,36,324,09:00,44.0,315.1,19,4,queueing,24/7 standard intake,19,0,0,0,True,False
3,Thu,37,325,09:15,50.0,334.2,22,4,queueing,24/7 standard intake,22,0,0,0,True,False
3,Thu,38,326,09:30,52.0,319.7,22,4,queueing,24/7 standard intake,23,1,0,0,True,False
3,Thu,39,327,09:45,55.0,335.4,24,4,queueing,24/7 standard intake,24,0,0,0,True,False
3,Thu,40,328,10:00,60.0,297.2,23,4,queueing,24/7 standard intake,23,0,0,0,True,False
3,Thu,41,329,10:15,62.0,319.7,26,4,queueing,24/7 standard intake,27,1,0,0,True,False
3,Thu,42,330,10:30,62.0,315.4,25,4,queueing,24/7 standard intake,25,0,0,0,True,False
3,Thu,43,331,10:45,66.0,293.3,25,4,queueing,24/7 standard intake,30,5,0,0,True,False
3,Thu,44,332,11:00,64.0,285.6,24,4,queueing,24/7 standard intake,25,1,0,0,True,False
3,Thu,45,333,11:15,64.0,335.1,28,4,queueing,24/7 standard intake,28,0,0,0,True,False
3,Thu,46,334,11:30,64.0,312.3,26,4,queueing,24/7 standard intake,26,0,0,0,True,False
3,Thu,47,335,11:45,62.0,297.5,24,4,queueing,24/7 standard intake,30,6,0,0,True,False
3,Thu,48,336,12:00,62.0,317.9,26,4,queueing,24/7 standard intake,24,-2,2,0,False,False
3,Thu,49,337,12:15,60.0,344.8,27,4,queueing,24/7 standard intake,28,1,0,0,True,False
3,Thu,50,338,12:30,58.0,269.8,21,4,queueing,24/7 standard intake,18,-3,3,0,False,False
3,Thu,51,339,12:45,59.0,287.1,22,4,queueing,24/7 standard intake,24,2,0,0,True,False
3,Thu,52,340,13:00,55.0,299.7,22,4,queueing,24/7 standard intake,23,1,0,0,True,False
3,Thu,53,341,13:15,52.0,352.1,24,4,queueing,24/7 standard intake,24,0,0,0,True,False
3,Thu,54,342,13:30,56.0,326.2,24,4,queueing,24/7 standard intake,22,-2,2,0,False,False
3,Thu,55,343,13:45,57.0,336.9,25,4,queueing,24/7 standard intake,25,0,0,0,True,False
3,Thu,56,344,14:00,52.0,294.9,21,4,queueing,24/7 standard intake,21,0,0,0,True,False
3,Thu,57,345,14:15,50.0,295.4,20,4,queueing,24/7 standard intake,23,3,0,0,True,False
3,Thu,58,346,14:30,51.0,329.9,22,4,queueing,24/7 standard intake,21,-1,1,0,False,False
3,Thu,59,347,14:45,51.0,321.3,22,4,queueing,24/7 standard intake,22,0,0,0,True,False
3,Thu,60,348,15:00,51.0,332.1,23,4,queueing,24/7 standard intake,24,1,0,0,True,False
3,Thu,61,349,15:15,49.0,315.9,21,4,queueing,24/7 standard intake,27,6,0,0,True,False
3,Thu,62,350,15:30,50.0,326.1,22,4,queueing,24/7 standard intake,19,-3,3,0,False,False
3,Thu,63,351,15:45,50.0,323.5,22,4,queueing,24/7 standard intake,24,2,0,0,True,False
3,Thu,64,352,16:00,46.0,337.1,21,4,queueing,24/7 standard intake,22,1,0,0,True,False
3,Thu,65,353,16:15,48.0,337.8,22,4,queueing,24/7 standard intake,24,2,0,0,True,False
3,Thu,66,354,16:30,48.0,284.4,19,4,queueing,24/7 standard intake,19,0,0,0,True,False
3,Thu,67,355,16:45,44.0,270.6,17,4,queueing,24/7 standard intake,24,7,0,0,True,False
3,Thu,68,356,17:00,42.0,342.0,20,4,queueing,24/7 standard intake,18,-2,2,0,False,False
3,Thu,69,357,17:15,40.0,346.1,19,4,queueing,24/7 standard intake,24,5,0,0,True,False
3,Thu,70,358,17:30,40.0,297.5,17,4,queueing,24/7 standard intake,19,2,0,0,True,False
3,Thu,71,359,17:45,35.0,279.1,14,4,queueing,24/7 standard intake,19,5,0,0,True,False
3,Thu,72,360,18:00,36.0,322.2,17,4,queueing,24/7 standard intake,17,0,0,0,True,False
3,Thu,73,361,18:15,33.0,340.5,16,4,queueing,24/7 standard intake,19,3,0,0,True,False
3,Thu,74,362,18:30,34.0,359.5,17,4,queueing,24/7 standard intake,14,-3,3,0,False,False
3,Thu,75,363,18:45,30.0,331.4,15,4,queueing,24/7 standard intake,15,0,0,0,True,False
3,Thu,76,364,19:00,31.0,311.8,14,4,queueing,24/7 standard intake,8,-6,6,0,False,False
3,Thu,77,365,19:15,26.0,300.4,12,4,queueing,24/7 standard intake,11,-1,1,0,False,False
3,Thu,78,366,19:30,26.0,320.3,13,4,queueing,24/7 standard intake,12,-1,1,0,False,False
3,Thu,79,367,19:45,24.0,313.4,12,4,queueing,24/7 standard intake,12,0,0,0,True,False
3,Thu,80,368,20:00,21.0,297.7,10,4,queueing,24/7 standard intake,9,-1,1,0,False,False
3,Thu,81,369,20:15,21.0,365.1,12,4,queueing,24/7 standard intake,11,-1,1,0,False,False
3,Thu,82,370,20:30,20.0,359.3,12,4,queueing,24/7 standard intake,10,-2,2,0,False,False
3,Thu,83,371,20:45,17.0,345.0,10,4,queueing,24/7 standard intake,11,1,0,0,True,False
3,Thu,84,372,21:00,13.0,299.7,7,4,queueing,24/7 standard intake,6,-1,1,0,False,False
3,Thu,85,373,21:15,13.0,338.8,8,4,queueing,24/7 standard intake,8,0,0,0,True,False
3,Thu,86,374,21:30,11.0,334.1,7,4,queueing,24/7 standard intake,7,0,0,0,True,False
3,Thu,87,375,21:45,10.0,329.7,7,4,queueing,24/7 standard intake,8,1,0,0,True,False
3,Thu,88,376,22:00,9.0,347.5,7,4,queueing,24/7 standard intake,5,-2,2,0,False,False
3,Thu,89,377,22:15,6.0,334.0,5,4,queueing,24/7 standard intake,6,1,0,0,True,False
3,Thu,90,378,22:30,4.0,336.3,4,4,queueing,24/7 standard intake,4,0,0,0,True,False
3,Thu,91,379,22:45,6.0,334.0,5,4,queueing,24/7 standard intake,5,0,0,0,True,False
3,Thu,92,380,23:00,4.0,327.5,4,4,queueing,24/7 standard intake,4,0,0,0,True,False
3,Thu,93,381,23:15,1.0,280.8,4,4,floor,24/7 standard intake,4,0,0,0,True,False
3,Thu,94,382,23:30,4.0,321.8,4,4,queueing,24/7 standard intake,4,0,0,0,True,False
3,Thu,95,383,23:45,3.0,307.8,4,4,floor,24/7 standard intake,4,0,0,0,True,False
4,Fri,0,384,00:00,0.0,304.7,4,4,floor,24/7 standard intake,4,0,0,0,True,False
4,Fri,1,385,00:15,3.0,338.3,4,4,queueing,24/7 standard intake,4,0,0,0,True,False
4,Fri,2,386,00:30,3.0,290.5,4,4,floor,24/7 standard intake,4,0,0,0,True,False
4,Fri,3,387,00:45,3.0,311.0,4,4,floor,24/7 standard intake,4,0,0,0,True,False
4,Fri,4,388,01:00,1.0,307.1,4,4,floor,24/7 standard intake,4,0,0,0,True,False
4,Fri,5,389,01:15,3.0,319.0,4,4,floor,24/7 standard intake,5,1,0,0,True,False
4,Fri,6,390,01:30,1.0,326.1,4,4,floor,24/7 standard intake,4,0,0,0,True,False
4,Fri,7,391,01:45,1.0,297.8,4,4,floor,24/7 standard intake,5,1,0,0,True,False
4,Fri,8,392,02:00,-0.0,335.9,4,4,floor,24/7 standard intake,4,0,0,0,True,False
4,Fri,9,393,02:15,1.0,321.4,4,4,floor,24/7 standard intake,5,1,0,0,True,False
4,Fri,10,394,02:30,1.0,278.4,4,4,floor,24/7 standard intake,4,0,0,0,True,False
4,Fri,11,395,02:45,0.0,276.9,4,4,floor,24/7 standard intake,5,1,0,0,True,False
4,Fri,12,396,03:00,1.0,319.7,4,4,floor,24/7 standard intake,3,-1,1,1,False,True
4,Fri,13,397,03:15,1.0,315.1,4,4,floor,24/7 standard intake,4,0,0,0,True,False
4,Fri,14,398,03:30,3.0,317.7,4,4,floor,24/7 standard intake,4,0,0,0,True,False
4,Fri,15,399,03:45,2.0,319.4,4,4,floor,24/7 standard intake,4,0,0,0,True,False
4,Fri,16,400,04:00,1.0,325.0,4,4,floor,24/7 standard intake,5,1,0,0,True,False
4,Fri,17,401,04:15,2.0,340.8,4,4,floor,24/7 standard intake,5,1,0,0,True,False
4,Fri,18,402,04:30,2.0,295.6,4,4,floor,24/7 standard intake,5,1,0,0,True,False
4,Fri,19,403,04:45,2.0,294.2,4,4,floor,24/7 standard intake,5,1,0,0,True,False
4,Fri,20,404,05:00,1.0,295.9,4,4,floor,24/7 standard intake,4,0,0,0,True,False
4,Fri,21,405,05:15,3.0,326.4,4,4,floor,24/7 standard intake,4,0,0,0,True,False
4,Fri,22,406,05:30,3.0,347.4,4,4,queueing,24/7 standard intake,4,0,0,0,True,False
4,Fri,23,407,05:45,4.0,310.5,4,4,queueing,24/7 standard intake,5,1,0,0,True,False
4,Fri,24,408,06:00,7.0,265.0,5,4,queueing,24/7 standard intake,4,-1,1,0,False,False
4,Fri,25,409,06:15,8.0,282.5,5,4,queueing,24/7 standard intake,6,1,0,0,True,False
4,Fri,26,410,06:30,8.0,301.7,6,4,queueing,24/7 standard intake,6,0,0,0,True,False
4,Fri,27,411,06:45,12.0,307.7,7,4,queueing,24/7 standard intake,7,0,0,0,True,False
4,Fri,28,412,07:00,16.0,311.0,9,4,queueing,24/7 standard intake,9,0,0,0,True,False
4,Fri,29,413,07:15,19.0,320.8,10,4,queueing,24/7 standard intake,9,-1,1,0,False,False
4,Fri,30,414,07:30,22.0,313.1,11,4,queueing,24/7 standard intake,11,0,0,0,True,False
4,Fri,31,415,07:45,24.0,343.1,13,4,queueing,24/7 standard intake,12,-1,1,0,False,False
4,Fri,32,416,08:00,27.0,305.1,13,4,queueing,24/7 standard intake,14,1,0,0,True,False
4,Fri,33,417,08:15,31.0,301.0,14,4,queueing,24/7 standard intake,15,1,0,0,True,False
4,Fri,34,418,08:30,37.0,330.5,17,4,queueing,24/7 standard intake,18,1,0,0,True,False
4,Fri,35,419,08:45,41.0,286.2,17,4,queueing,24/7 standard intake,19,2,0,0,True,False
4,Fri,36,420,09:00,46.0,328.6,21,4,queueing,24/7 standard intake,21,0,0,0,True,False
4,Fri,37,421,09:15,50.0,322.3,22,4,queueing,24/7 standard intake,23,1,0,0,True,False
4,Fri,38,422,09:30,52.0,316.8,22,4,queueing,24/7 standard intake,21,-1,1,0,False,False
4,Fri,39,423,09:45,54.0,354.9,25,4,queueing,24/7 standard intake,25,0,0,0,True,False
4,Fri,40,424,10:00,57.0,306.3,23,4,queueing,24/7 standard intake,24,1,0,0,True,False
4,Fri,41,425,10:15,60.0,365.3,28,4,queueing,24/7 standard intake,29,1,0,0,True,False
4,Fri,42,426,10:30,61.0,315.0,25,4,queueing,24/7 standard intake,25,0,0,0,True,False
4,Fri,43,427,10:45,62.0,291.9,24,4,queueing,24/7 standard intake,30,6,0,0,True,False
4,Fri,44,428,11:00,63.0,321.5,26,4,queueing,24/7 standard intake,26,0,0,0,True,False
4,Fri,45,429,11:15,62.0,296.3,24,4,queueing,24/7 standard intake,30,6,0,0,True,False
4,Fri,46,430,11:30,62.0,303.5,25,4,queueing,24/7 standard intake,25,0,0,0,True,False
4,Fri,47,431,11:45,62.0,328.7,26,4,queueing,24/7 standard intake,28,2,0,0,True,False
4,Fri,48,432,12:00,60.0,332.2,26,4,queueing,24/7 standard intake,23,-3,3,0,False,False
4,Fri,49,433,12:15,59.0,306.3,24,4,queueing,24/7 standard intake,28,4,0,0,True,False
4,Fri,50,434,12:30,58.0,341.7,26,4,queueing,24/7 standard intake,25,-1,1,0,False,False
4,Fri,51,435,12:45,55.0,345.5,25,4,queueing,24/7 standard intake,27,2,0,0,True,False
4,Fri,52,436,13:00,55.0,351.6,25,4,queueing,24/7 standard intake,23,-2,2,0,False,False
4,Fri,53,437,13:15,56.0,331.6,24,4,queueing,24/7 standard intake,25,1,0,0,True,False
4,Fri,54,438,13:30,52.0,350.0,24,4,queueing,24/7 standard intake,22,-2,2,0,False,False
4,Fri,55,439,13:45,50.0,278.6,19,4,queueing,24/7 standard intake,24,5,0,0,True,False
4,Fri,56,440,14:00,49.0,313.0,21,4,queueing,24/7 standard intake,17,-4,4,0,False,False
4,Fri,57,441,14:15,51.0,300.9,21,4,queueing,24/7 standard intake,22,1,0,0,True,False
4,Fri,58,442,14:30,51.0,322.6,22,4,queueing,24/7 standard intake,19,-3,3,0,False,False
4,Fri,59,443,14:45,50.0,307.4,21,4,queueing,24/7 standard intake,23,2,0,0,True,False
4,Fri,60,444,15:00,51.0,316.3,22,4,queueing,24/7 standard intake,22,0,0,0,True,False
4,Fri,61,445,15:15,46.0,361.4,22,4,queueing,24/7 standard intake,24,2,0,0,True,False
4,Fri,62,446,15:30,49.0,316.3,21,4,queueing,24/7 standard intake,21,0,0,0,True,False
4,Fri,63,447,15:45,50.0,329.1,22,4,queueing,24/7 standard intake,23,1,0,0,True,False
4,Fri,64,448,16:00,45.0,314.9,19,4,queueing,24/7 standard intake,19,0,0,0,True,False
4,Fri,65,449,16:15,45.0,321.7,20,4,queueing,24/7 standard intake,22,2,0,0,True,False
4,Fri,66,450,16:30,43.0,320.1,19,4,queueing,24/7 standard intake,18,-1,1,0,False,False
4,Fri,67,451,16:45,42.0,329.9,19,4,queueing,24/7 standard intake,21,2,0,0,True,False
4,Fri,68,452,17:00,41.0,345.6,20,4,queueing,24/7 standard intake,18,-2,2,0,False,False
4,Fri,69,453,17:15,41.0,356.2,20,4,queueing,24/7 standard intake,21,1,0,0,True,False
4,Fri,70,454,17:30,40.0,326.8,18,4,queueing,24/7 standard intake,18,0,0,0,True,False
4,Fri,71,455,17:45,36.0,333.0,17,4,queueing,24/7 standard intake,19,2,0,0,True,False
4,Fri,72,456,18:00,37.0,294.7,16,4,queueing,24/7 standard intake,13,-3,3,0,False,False
4,Fri,73,457,18:15,33.0,318.1,15,4,queueing,24/7 standard intake,17,2,0,0,True,False
4,Fri,74,458,18:30,33.0,340.7,16,4,queueing,24/7 standard intake,12,-4,4,0,False,False
4,Fri,75,459,18:45,29.0,339.1,15,4,queueing,24/7 standard intake,15,0,0,0,True,False
4,Fri,76,460,19:00,28.0,324.7,14,4,queueing,24/7 standard intake,11,-3,3,0,False,False
4,Fri,77,461,19:15,27.0,339.5,14,4,queueing,24/7 standard intake,13,-1,1,0,False,False
4,Fri,78,462,19:30,29.0,330.8,14,4,queueing,24/7 standard intake,15,1,0,0,True,False
4,Fri,79,463,19:45,24.0,346.4,13,4,queueing,24/7 standard intake,15,2,0,0,True,False
4,Fri,80,464,20:00,21.0,326.4,11,4,queueing,24/7 standard intake,11,0,0,0,True,False
4,Fri,81,465,20:15,21.0,312.2,11,4,queueing,24/7 standard intake,12,1,0,0,True,False
4,Fri,82,466,20:30,18.0,327.4,10,4,queueing,24/7 standard intake,9,-1,1,0,False,False
4,Fri,83,467,20:45,16.0,255.5,8,4,queueing,24/7 standard intake,10,2,0,0,True,False
4,Fri,84,468,21:00,16.0,328.4,9,4,queueing,24/7 standard intake,7,-2,2,0,False,False
4,Fri,85,469,21:15,13.0,239.7,6,4,queueing,24/7 standard intake,8,2,0,0,True,False
4,Fri,86,470,21:30,12.0,282.1,7,4,queueing,24/7 standard intake,5,-2,2,0,False,False
4,Fri,87,471,21:45,10.0,329.9,7,4,queueing,24/7 standard intake,8,1,0,0,True,False
4,Fri,88,472,22:00,9.0,330.5,6,4,queueing,24/7 standard intake,6,0,0,0,True,False
4,Fri,89,473,22:15,8.0,294.4,5,4,queueing,24/7 standard intake,7,2,0,0,True,False
4,Fri,90,474,22:30,4.0,304.3,4,4,queueing,24/7 standard intake,5,1,0,0,True,False
4,Fri,91,475,22:45,6.0,350.2,5,4,queueing,24/7 standard intake,6,1,0,0,True,False
4,Fri,92,476,23:00,3.0,309.4,4,4,floor,24/7 standard intake,6,2,0,0,True,False
4,Fri,93,477,23:15,2.0,369.3,4,4,floor,24/7 standard intake,6,2,0,0,True,False
4,Fri,94,478,23:30,3.0,320.0,4,4,floor,24/7 standard intake,4,0,0,0,True,False
4,Fri,95,479,23:45,3.0,329.0,4,4,queueing,24/7 standard intake,4,0,0,0,True,False
5,Sat,0,480,00:00,3.0,323.3,4,4,floor,24/7 standard intake,5,1,0,0,True,False
5,Sat,1,481,00:15,1.0,329.0,4,4,floor,24/7 standard intake,5,1,0,0,True,False
5,Sat,2,482,00:30,-0.0,322.6,4,4,floor,24/7 standard intake,5,1,0,0,True,False
5,Sat,3,483,00:45,1.0,329.8,4,4,floor,24/7 standard intake,5,1,0,0,True,False
5,Sat,4,484,01:00,1.0,316.6,4,4,floor,24/7 standard intake,5,1,0,0,True,False
5,Sat,5,485,01:15,0.0,352.0,4,4,floor,24/7 standard intake,6,2,0,0,True,False
5,Sat,6,486,01:30,0.0,310.0,4,4,floor,24/7 standard intake,5,1,0,0,True,False
5,Sat,7,487,01:45,-0.0,344.9,4,4,floor,24/7 standard intake,6,2,0,0,True,False
5,Sat,8,488,02:00,2.0,305.8,4,4,floor,24/7 standard intake,4,0,0,0,True,False
5,Sat,9,489,02:15,1.0,318.7,4,4,floor,24/7 standard intake,6,2,0,0,True,False
5,Sat,10,490,02:30,0.0,296.4,4,4,floor,24/7 standard intake,5,1,0,0,True,False
5,Sat,11,491,02:45,1.0,330.0,4,4,floor,24/7 standard intake,6,2,0,0,True,False
5,Sat,12,492,03:00,1.0,351.8,4,4,floor,24/7 standard intake,4,0,0,0,True,False
5,Sat,13,493,03:15,2.0,318.3,4,4,floor,24/7 standard intake,5,1,0,0,True,False
5,Sat,14,494,03:30,-0.0,315.7,4,4,floor,24/7 standard intake,5,1,0,0,True,False
5,Sat,15,495,03:45,-0.0,295.5,4,4,floor,24/7 standard intake,5,1,0,0,True,False
5,Sat,16,496,04:00,2.0,315.0,4,4,floor,24/7 standard intake,4,0,0,0,True,False
5,Sat,17,497,04:15,1.0,285.0,4,4,floor,24/7 standard intake,4,0,0,0,True,False
5,Sat,18,498,04:30,-0.0,299.9,4,4,floor,24/7 standard intake,4,0,0,0,True,False
5,Sat,19,499,04:45,2.0,325.0,4,4,floor,24/7 standard intake,4,0,0,0,True,False
5,Sat,20,500,05:00,3.0,349.0,4,4,queueing,24/7 standard intake,4,0,0,0,True,False
5,Sat,21,501,05:15,1.0,381.8,4,4,floor,24/7 standard intake,4,0,0,0,True,False
5,Sat,22,502,05:30,4.0,307.1,4,4,queueing,24/7 standard intake,4,0,0,0,True,False
5,Sat,23,503,05:45,5.0,351.6,5,4,queueing,24/7 standard intake,5,0,0,0,True,False
5,Sat,24,504,06:00,5.0,325.4,4,4,queueing,24/7 standard intake,5,1,0,0,True,False
5,Sat,25,505,06:15,7.0,316.7,5,4,queueing,24/7 standard intake,6,1,0,0,True,False
5,Sat,26,506,06:30,6.0,329.5,5,4,queueing,24/7 standard intake,6,1,0,0,True,False
5,Sat,27,507,06:45,10.0,321.4,7,4,queueing,24/7 standard intake,7,0,0,0,True,False
5,Sat,28,508,07:00,11.0,322.4,7,4,queueing,24/7 standard intake,7,0,0,0,True,False
5,Sat,29,509,07:15,13.0,311.0,8,4,queueing,24/7 standard intake,8,0,0,0,True,False
5,Sat,30,510,07:30,17.0,289.2,9,4,queueing,24/7 standard intake,9,0,0,0,True,False
5,Sat,31,511,07:45,21.0,286.0,10,4,queueing,24/7 standard intake,10,0,0,0,True,False
5,Sat,32,512,08:00,24.0,334.4,12,4,queueing,24/7 standard intake,12,0,0,0,True,False
5,Sat,33,513,08:15,27.0,313.9,13,4,queueing,24/7 standard intake,13,0,0,0,True,False
5,Sat,34,514,08:30,28.0,306.9,13,4,queueing,24/7 standard intake,13,0,0,0,True,False
5,Sat,35,515,08:45,32.0,320.2,15,4,queueing,24/7 standard intake,14,-1,1,0,False,False
5,Sat,36,516,09:00,36.0,337.5,17,4,queueing,24/7 standard intake,16,-1,1,0,False,False
5,Sat,37,517,09:15,38.0,324.0,17,4,queueing,24/7 standard intake,17,0,0,0,True,False
5,Sat,38,518,09:30,41.0,305.6,18,4,queueing,24/7 standard intake,18,0,0,0,True,False
5,Sat,39,519,09:45,44.0,347.0,21,4,queueing,24/7 standard intake,21,0,0,0,True,False
5,Sat,40,520,10:00,45.0,354.7,22,4,queueing,24/7 standard intake,18,-4,4,0,False,False
5,Sat,41,521,10:15,46.0,330.9,21,4,queueing,24/7 standard intake,22,1,0,0,True,False
5,Sat,42,522,10:30,47.0,341.4,22,4,queueing,24/7 standard intake,22,0,0,0,True,False
5,Sat,43,523,10:45,49.0,347.3,23,4,queueing,24/7 standard intake,24,1,0,0,True,False
5,Sat,44,524,11:00,49.0,344.9,23,4,queueing,24/7 standard intake,19,-4,4,0,False,False
5,Sat,45,525,11:15,49.0,333.5,22,4,queueing,24/7 standard intake,23,1,0,0,True,False
5,Sat,46,526,11:30,49.0,333.2,22,4,queueing,24/7 standard intake,17,-5,5,0,False,False
5,Sat,47,527,11:45,47.0,331.4,21,4,queueing,24/7 standard intake,22,1,0,0,True,False
5,Sat,48,528,12:00,48.0,295.9,19,4,queueing,24/7 standard intake,18,-1,1,0,False,False
5,Sat,49,529,12:15,46.0,335.4,21,4,queueing,24/7 standard intake,20,-1,1,0,False,False
5,Sat,50,530,12:30,43.0,290.2,17,4,queueing,24/7 standard intake,16,-1,1,0,False,False
5,Sat,51,531,12:45,46.0,302.5,19,4,queueing,24/7 standard intake,19,0,0,0,True,False
5,Sat,52,532,13:00,42.0,348.7,20,4,queueing,24/7 standard intake,19,-1,1,0,False,False
5,Sat,53,533,13:15,40.0,338.5,19,4,queueing,24/7 standard intake,19,0,0,0,True,False
5,Sat,54,534,13:30,40.0,352.7,19,4,queueing,24/7 standard intake,15,-4,4,0,False,False
5,Sat,55,535,13:45,39.0,314.0,17,4,queueing,24/7 standard intake,17,0,0,0,True,False
5,Sat,56,536,14:00,40.0,294.7,17,4,queueing,24/7 standard intake,16,-1,1,0,False,False
5,Sat,57,537,14:15,39.0,314.7,17,4,queueing,24/7 standard intake,18,1,0,0,True,False
5,Sat,58,538,14:30,39.0,322.2,18,4,queueing,24/7 standard intake,16,-2,2,0,False,False
5,Sat,59,539,14:45,40.0,321.7,18,4,queueing,24/7 standard intake,17,-1,1,0,False,False
5,Sat,60,540,15:00,39.0,344.9,19,4,queueing,24/7 standard intake,14,-5,5,0,False,False
5,Sat,61,541,15:15,39.0,312.1,17,4,queueing,24/7 standard intake,18,1,0,0,True,False
5,Sat,62,542,15:30,38.0,327.7,18,4,queueing,24/7 standard intake,13,-5,5,0,False,False
5,Sat,63,543,15:45,38.0,298.3,16,4,queueing,24/7 standard intake,16,0,0,0,True,False
5,Sat,64,544,16:00,34.0,329.9,16,4,queueing,24/7 standard intake,13,-3,3,0,False,False
5,Sat,65,545,16:15,35.0,320.1,16,4,queueing,24/7 standard intake,16,0,0,0,True,False
5,Sat,66,546,16:30,32.0,303.5,14,4,queueing,24/7 standard intake,14,0,0,0,True,False
5,Sat,67,547,16:45,33.0,314.8,15,4,queueing,24/7 standard intake,16,1,0,0,True,False
5,Sat,68,548,17:00,32.0,315.9,15,4,queueing,24/7 standard intake,14,-1,1,0,False,False
5,Sat,69,549,17:15,32.0,314.1,15,4,queueing,24/7 standard intake,15,0,0,0,True,False
5,Sat,70,550,17:30,31.0,359.0,16,4,queueing,24/7 standard intake,16,0,0,0,True,False
5,Sat,71,551,17:45,28.0,317.8,13,4,queueing,24/7 standard intake,16,3,0,0,True,False
5,Sat,72,552,18:00,26.0,314.6,13,4,queueing,24/7 standard intake,11,-2,2,0,False,False
5,Sat,73,553,18:15,26.0,273.9,11,4,queueing,24/7 standard intake,13,2,0,0,True,False
5,Sat,74,554,18:30,24.0,300.3,11,4,queueing,24/7 standard intake,11,0,0,0,True,False
5,Sat,75,555,18:45,23.0,314.2,12,4,queueing,24/7 standard intake,12,0,0,0,True,False
5,Sat,76,556,19:00,23.0,304.9,11,4,queueing,24/7 standard intake,8,-3,3,0,False,False
5,Sat,77,557,19:15,20.0,350.4,11,4,queueing,24/7 standard intake,11,0,0,0,True,False
5,Sat,78,558,19:30,20.0,316.4,10,4,queueing,24/7 standard intake,8,-2,2,0,False,False
5,Sat,79,559,19:45,19.0,348.3,11,4,queueing,24/7 standard intake,12,1,0,0,True,False
5,Sat,80,560,20:00,16.0,321.4,9,4,queueing,24/7 standard intake,10,1,0,0,True,False
5,Sat,81,561,20:15,17.0,320.8,9,4,queueing,24/7 standard intake,10,1,0,0,True,False
5,Sat,82,562,20:30,15.0,318.0,9,4,queueing,24/7 standard intake,9,0,0,0,True,False
5,Sat,83,563,20:45,13.0,320.1,8,4,queueing,24/7 standard intake,10,2,0,0,True,False
5,Sat,84,564,21:00,11.0,357.8,8,4,queueing,24/7 standard intake,10,2,0,0,True,False
5,Sat,85,565,21:15,9.0,269.0,6,4,queueing,24/7 standard intake,10,4,0,0,True,False
5,Sat,86,566,21:30,8.0,276.0,5,4,queueing,24/7 standard intake,6,1,0,0,True,False
5,Sat,87,567,21:45,9.0,308.1,6,4,queueing,24/7 standard intake,7,1,0,0,True,False
5,Sat,88,568,22:00,6.0,320.3,5,4,queueing,24/7 standard intake,7,2,0,0,True,False
5,Sat,89,569,22:15,6.0,335.2,5,4,queueing,24/7 standard intake,7,2,0,0,True,False
5,Sat,90,570,22:30,3.0,330.4,4,4,queueing,24/7 standard intake,4,0,0,0,True,False
5,Sat,91,571,22:45,4.0,311.5,4,4,queueing,24/7 standard intake,6,2,0,0,True,False
5,Sat,92,572,23:00,3.0,342.4,4,4,queueing,24/7 standard intake,5,1,0,0,True,False
5,Sat,93,573,23:15,6.0,342.7,5,4,queueing,24/7 standard intake,7,2,0,0,True,False
5,Sat,94,574,23:30,1.0,324.0,4,4,floor,24/7 standard intake,5,1,0,0,True,False
5,Sat,95,575,23:45,4.0,341.2,4,4,queueing,24/7 standard intake,6,2,0,0,True,False
6,Sun,0,576,00:00,1.0,316.2,4,4,floor,24/7 standard intake,5,1,0,0,True,False
6,Sun,1,577,00:15,0.0,285.7,4,4,floor,24/7 standard intake,5,1,0,0,True,False
6,Sun,2,578,00:30,2.0,341.3,4,4,floor,24/7 standard intake,5,1,0,0,True,False
6,Sun,3,579,00:45,1.0,353.4,4,4,floor,24/7 standard intake,5,1,0,0,True,False
6,Sun,4,580,01:00,1.0,302.5,4,4,floor,24/7 standard intake,4,0,0,0,True,False
6,Sun,5,581,01:15,2.0,326.6,4,4,floor,24/7 standard intake,5,1,0,0,True,False
6,Sun,6,582,01:30,0.0,304.0,4,4,floor,24/7 standard intake,5,1,0,0,True,False
6,Sun,7,583,01:45,0.0,306.2,4,4,floor,24/7 standard intake,5,1,0,0,True,False
6,Sun,8,584,02:00,0.0,337.0,4,4,floor,24/7 standard intake,5,1,0,0,True,False
6,Sun,9,585,02:15,0.0,319.2,4,4,floor,24/7 standard intake,6,2,0,0,True,False
6,Sun,10,586,02:30,0.0,358.3,4,4,floor,24/7 standard intake,6,2,0,0,True,False
6,Sun,11,587,02:45,0.0,309.4,4,4,floor,24/7 standard intake,6,2,0,0,True,False
6,Sun,12,588,03:00,-0.0,342.0,4,4,floor,24/7 standard intake,4,0,0,0,True,False
6,Sun,13,589,03:15,-0.0,322.1,4,4,floor,24/7 standard intake,6,2,0,0,True,False
6,Sun,14,590,03:30,4.0,337.5,4,4,queueing,24/7 standard intake,4,0,0,0,True,False
6,Sun,15,591,03:45,3.0,310.2,4,4,floor,24/7 standard intake,5,1,0,0,True,False
6,Sun,16,592,04:00,1.0,318.9,4,4,floor,24/7 standard intake,5,1,0,0,True,False
6,Sun,17,593,04:15,1.0,317.5,4,4,floor,24/7 standard intake,6,2,0,0,True,False
6,Sun,18,594,04:30,-0.0,301.6,4,4,floor,24/7 standard intake,6,2,0,0,True,False
6,Sun,19,595,04:45,0.0,334.6,4,4,floor,24/7 standard intake,6,2,0,0,True,False
6,Sun,20,596,05:00,2.0,334.3,4,4,floor,24/7 standard intake,4,0,0,0,True,False
6,Sun,21,597,05:15,1.0,333.1,4,4,floor,24/7 standard intake,5,1,0,0,True,False
6,Sun,22,598,05:30,3.0,353.8,4,4,queueing,24/7 standard intake,6,2,0,0,True,False
6,Sun,23,599,05:45,2.0,351.9,4,4,floor,24/7 standard intake,6,2,0,0,True,False
6,Sun,24,600,06:00,4.0,311.8,4,4,queueing,24/7 standard intake,4,0,0,0,True,False
6,Sun,25,601,06:15,6.0,328.2,5,4,queueing,24/7 standard intake,5,0,0,0,True,False
6,Sun,26,602,06:30,7.0,306.3,5,4,queueing,24/7 standard intake,8,3,0,0,True,False
6,Sun,27,603,06:45,9.0,320.5,6,4,queueing,24/7 standard intake,8,2,0,0,True,False
6,Sun,28,604,07:00,9.0,306.8,6,4,queueing,24/7 standard intake,7,1,0,0,True,False
6,Sun,29,605,07:15,13.0,355.6,8,4,queueing,24/7 standard intake,8,0,0,0,True,False
6,Sun,30,606,07:30,14.0,328.0,8,4,queueing,24/7 standard intake,8,0,0,0,True,False
6,Sun,31,607,07:45,18.0,315.2,10,4,queueing,24/7 standard intake,10,0,0,0,True,False
6,Sun,32,608,08:00,20.0,346.3,11,4,queueing,24/7 standard intake,11,0,0,0,True,False
6,Sun,33,609,08:15,21.0,272.2,10,4,queueing,24/7 standard intake,11,1,0,0,True,False
6,Sun,34,610,08:30,25.0,275.7,11,4,queueing,24/7 standard intake,12,1,0,0,True,False
6,Sun,35,611,08:45,29.0,337.5,15,4,queueing,24/7 standard intake,15,0,0,0,True,False
6,Sun,36,612,09:00,32.0,321.3,15,4,queueing,24/7 standard intake,16,1,0,0,True,False
6,Sun,37,613,09:15,34.0,325.5,16,4,queueing,24/7 standard intake,17,1,0,0,True,False
6,Sun,38,614,09:30,39.0,290.8,16,4,queueing,24/7 standard intake,15,-1,1,0,False,False
6,Sun,39,615,09:45,40.0,319.5,18,4,queueing,24/7 standard intake,17,-1,1,0,False,False
6,Sun,40,616,10:00,41.0,364.1,20,4,queueing,24/7 standard intake,19,-1,1,0,False,False
6,Sun,41,617,10:15,44.0,338.1,20,4,queueing,24/7 standard intake,21,1,0,0,True,False
6,Sun,42,618,10:30,46.0,323.7,20,4,queueing,24/7 standard intake,17,-3,3,0,False,False
6,Sun,43,619,10:45,47.0,310.3,20,4,queueing,24/7 standard intake,21,1,0,0,True,False
6,Sun,44,620,11:00,43.0,311.3,19,4,queueing,24/7 standard intake,18,-1,1,0,False,False
6,Sun,45,621,11:15,44.0,273.2,17,4,queueing,24/7 standard intake,21,4,0,0,True,False
6,Sun,46,622,11:30,46.0,325.7,20,4,queueing,24/7 standard intake,20,0,0,0,True,False
6,Sun,47,623,11:45,42.0,338.6,20,4,queueing,24/7 standard intake,22,2,0,0,True,False
6,Sun,48,624,12:00,41.0,285.3,17,4,queueing,24/7 standard intake,17,0,0,0,True,False
6,Sun,49,625,12:15,41.0,305.4,18,4,queueing,24/7 standard intake,21,3,0,0,True,False
6,Sun,50,626,12:30,42.0,294.5,17,4,queueing,24/7 standard intake,15,-2,2,0,False,False
6,Sun,51,627,12:45,40.0,298.8,17,4,queueing,24/7 standard intake,18,1,0,0,True,False
6,Sun,52,628,13:00,38.0,321.2,17,4,queueing,24/7 standard intake,17,0,0,0,True,False
6,Sun,53,629,13:15,38.0,274.1,15,4,queueing,24/7 standard intake,18,3,0,0,True,False
6,Sun,54,630,13:30,37.0,333.5,17,4,queueing,24/7 standard intake,17,0,0,0,True,False
6,Sun,55,631,13:45,36.0,336.6,17,4,queueing,24/7 standard intake,20,3,0,0,True,False
6,Sun,56,632,14:00,39.0,314.5,17,4,queueing,24/7 standard intake,17,0,0,0,True,False
6,Sun,57,633,14:15,37.0,265.4,14,4,queueing,24/7 standard intake,18,4,0,0,True,False
6,Sun,58,634,14:30,37.0,298.1,16,4,queueing,24/7 standard intake,15,-1,1,0,False,False
6,Sun,59,635,14:45,35.0,347.1,17,4,queueing,24/7 standard intake,16,-1,1,0,False,False
6,Sun,60,636,15:00,35.0,258.9,14,4,queueing,24/7 standard intake,14,0,0,0,True,False
6,Sun,61,637,15:15,34.0,312.4,15,4,queueing,24/7 standard intake,17,2,0,0,True,False
6,Sun,62,638,15:30,31.0,294.0,14,4,queueing,24/7 standard intake,11,-3,3,0,False,False
6,Sun,63,639,15:45,32.0,337.7,16,4,queueing,24/7 standard intake,15,-1,1,0,False,False
6,Sun,64,640,16:00,31.0,305.1,14,4,queueing,24/7 standard intake,15,1,0,0,True,False
6,Sun,65,641,16:15,30.0,328.9,15,4,queueing,24/7 standard intake,17,2,0,0,True,False
6,Sun,66,642,16:30,30.0,332.4,15,4,queueing,24/7 standard intake,16,1,0,0,True,False
6,Sun,67,643,16:45,32.0,360.4,17,4,queueing,24/7 standard intake,17,0,0,0,True,False
6,Sun,68,644,17:00,29.0,315.5,14,4,queueing,24/7 standard intake,14,0,0,0,True,False
6,Sun,69,645,17:15,30.0,328.3,15,4,queueing,24/7 standard intake,16,1,0,0,True,False
6,Sun,70,646,17:30,28.0,287.3,12,4,queueing,24/7 standard intake,12,0,0,0,True,False
6,Sun,71,647,17:45,27.0,346.2,14,4,queueing,24/7 standard intake,13,-1,1,0,False,False
6,Sun,72,648,18:00,24.0,303.3,12,4,queueing,24/7 standard intake,10,-2,2,0,False,False
6,Sun,73,649,18:15,24.0,307.7,12,4,queueing,24/7 standard intake,13,1,0,0,True,False
6,Sun,74,650,18:30,23.0,319.5,12,4,queueing,24/7 standard intake,12,0,0,0,True,False
6,Sun,75,651,18:45,20.0,285.6,10,4,queueing,24/7 standard intake,13,3,0,0,True,False
6,Sun,76,652,19:00,21.0,325.0,11,4,queueing,24/7 standard intake,10,-1,1,0,False,False
6,Sun,77,653,19:15,19.0,341.3,11,4,queueing,24/7 standard intake,12,1,0,0,True,False
6,Sun,78,654,19:30,17.0,326.4,10,4,queueing,24/7 standard intake,11,1,0,0,True,False
6,Sun,79,655,19:45,15.0,285.0,8,4,queueing,24/7 standard intake,12,4,0,0,True,False
6,Sun,80,656,20:00,14.0,317.3,8,4,queueing,24/7 standard intake,8,0,0,0,True,False
6,Sun,81,657,20:15,14.0,336.3,9,4,queueing,24/7 standard intake,10,1,0,0,True,False
6,Sun,82,658,20:30,13.0,278.7,7,4,queueing,24/7 standard intake,9,2,0,0,True,False
6,Sun,83,659,20:45,11.0,296.4,7,4,queueing,24/7 standard intake,10,3,0,0,True,False
6,Sun,84,660,21:00,11.0,339.3,7,4,queueing,24/7 standard intake,7,0,0,0,True,False
6,Sun,85,661,21:15,10.0,325.9,7,4,queueing,24/7 standard intake,8,1,0,0,True,False
6,Sun,86,662,21:30,9.0,329.1,6,4,queueing,24/7 standard intake,6,0,0,0,True,False
6,Sun,87,663,21:45,9.0,360.9,7,4,queueing,24/7 standard intake,7,0,0,0,True,False
6,Sun,88,664,22:00,8.0,330.3,6,4,queueing,24/7 standard intake,5,-1,1,0,False,False
6,Sun,89,665,22:15,4.0,334.5,4,4,queueing,24/7 standard intake,6,2,0,0,True,False
6,Sun,90,666,22:30,6.0,379.6,5,4,queueing,24/7 standard intake,5,0,0,0,True,False
6,Sun,91,667,22:45,3.0,315.3,4,4,floor,24/7 standard intake,6,2,0,0,True,False
6,Sun,92,668,23:00,4.0,302.4,4,4,queueing,24/7 standard intake,5,1,0,0,True,False
6,Sun,93,669,23:15,3.0,329.4,4,4,queueing,24/7 standard intake,5,1,0,0,True,False
6,Sun,94,670,23:30,2.0,329.7,4,4,floor,24/7 standard intake,5,1,0,0,True,False
6,Sun,95,671,23:45,-0.0,308.4,4,4,floor,24/7 standard intake,5,1,0,0,True,False
